,label,lcs_results
0,0,60
1,0,64
2,0,67
3,0,67
4,0,60
5,0,56
6,0,66
7,0,66
8,0,63
9,0,57
10,0,56
11,0,62
12,0,68
13,0,66
14,0,63
15,0,71
16,0,60
17,0,64
18,0,67
19,0,56
20,0,68
21,0,65
22,0,60
23,0,73
24,0,64
25,0,65
26,0,70
27,0,56
28,0,61
29,0,73
30,0,56
31,0,68
32,0,61
33,0,68
34,0,60
35,0,67
36,0,60
37,0,66
38,0,67
39,0,72
40,0,65
41,0,73
42,0,56
43,0,62
44,0,68
45,0,56
46,0,62
47,0,68
48,0,68
49,0,66
50,0,71
51,0,62
52,0,56
53,0,62
54,0,68
55,0,60
56,0,65
57,0,68
58,0,63
59,0,57
60,0,56
61,0,62
62,0,68
63,0,67
64,0,60
65,0,74
66,0,61
67,0,58
68,0,60
69,0,62
70,0,71
71,0,64
72,0,63
73,0,70
74,0,61
75,0,64
76,0,71
77,0,56
78,0,66
79,0,69
80,0,53
81,0,72
82,0,56
83,0,73
84,0,67
85,0,60
86,0,74
87,0,55
88,0,73
89,0,60
90,0,62
91,0,71
92,0,66
93,0,63
94,0,71
95,0,66
96,0,63
97,0,71
98,0,60
99,0,66
100,0,67
101,0,64
102,0,55
103,0,70
104,0,64
105,0,63
106,0,72
107,0,64
108,0,71
109,0,56
110,0,68
111,0,66
112,0,63
113,0,54
114,0,71
115,0,66
116,0,59
117,0,73
118,0,60
119,0,62
120,0,71
121,0,64
122,0,65
123,0,70
124,0,56
125,0,68
126,0,57
127,0,60
128,0,66
129,0,67
130,0,56
131,0,62
132,0,68
133,0,74
134,0,61
135,0,64
136,0,71
137,0,60
138,0,60
139,0,72
140,0,56
141,0,62
142,0,68
143,0,65
144,0,64
145,0,73
146,0,56
147,0,62
148,0,68
149,0,56
150,0,62
151,0,68
152,0,56
153,0,66
154,0,69
155,0,60
156,0,67
157,0,61
158,0,64
159,0,58
160,0,71
161,0,56
162,0,66
163,0,69
164,0,56
165,0,66
166,0,69
167,0,60
168,0,60
169,0,67
170,0,58
171,0,67
172,0,60
173,0,74
174,0,65
175,0,63
176,0,73
177,0,56
178,0,61
179,0,73
180,1,57
181,1,56
182,1,58
183,1,66
184,1,58
185,1,64
186,1,59
187,1,55
188,1,56
189,1,56
190,1,58
191,1,55
192,1,58
193,1,64
194,1,58
195,1,58
196,1,57
197,1,58
198,1,64
199,1,58
200,1,58
201,1,58
202,1,57
203,1,70
204,1,56
205,1,59
206,1,56
207,1,69
208,1,56
209,1,57
210,1,59
211,1,56
212,1,56
213,1,56
214,1,57
215,1,59
216,1,58
217,1,57
218,1,70
219,1,59
220,1,58
221,1,57
222,1,58
223,1,58
224,1,57
225,1,56
226,1,58
227,1,55
228,1,56
229,1,56
230,1,56
231,2,62
232,2,64
233,2,64
234,2,63
235,2,63
236,2,65
237,2,64
238,2,64
239,2,65
240,2,63
241,2,65
242,2,63
243,2,65
244,2,63
245,2,63
246,2,61
247,2,63
248,2,61
249,2,64
250,2,61
251,2,64
252,2,63
253,2,62
254,2,62
255,2,62
256,2,61
257,2,61
258,2,65
259,2,65
260,2,65
261,2,61
262,2,64
263,2,61
264,2,63
265,2,64
266,2,62
267,2,63
268,2,63
269,2,64
270,2,62
271,2,63
272,2,63
273,2,64
274,2,62
275,2,63
276,2,64
277,2,66
278,2,62
279,2,65
280,2,63
281,2,63
282,2,61
283,2,61
284,2,62
285,2,64
286,2,61
287,2,61
288,2,64
289,2,62
290,2,63
291,2,61
292,2,61
293,2,63
294,2,61
295,2,65
296,2,61
297,2,62
298,2,64
299,2,63
300,2,64
301,2,62
302,2,62
303,2,63
304,2,62
305,2,62
306,2,64
307,2,61
308,2,64
309,2,62
310,2,61
311,2,63
312,2,65
313,2,63
314,2,62
315,2,67
316,2,64
317,2,62
318,2,63
319,2,64
320,2,63
321,2,61
322,2,64
323,2,64
324,2,63
325,2,63
326,2,65
327,2,63
328,2,63
329,2,61
330,2,65
331,2,63
332,2,61
333,3,71
334,3,52
335,3,62
336,3,62
337,3,65
338,3,60
339,3,61
340,3,61
341,3,58
342,3,61
343,3,60
344,3,53
345,3,60
346,3,62
347,3,66
348,3,60
349,3,66
350,3,60
351,3,60
352,3,62
353,3,63
354,3,59
355,3,66
356,3,59
357,3,60
358,3,68
359,3,69
360,3,66
361,3,61
362,3,63
363,3,65
364,3,68
365,3,65
366,3,60
367,3,62
368,3,63
369,3,69
370,3,69
371,3,63
372,3,61
373,3,61
374,3,63
375,3,69
376,3,69
377,3,63
378,3,61
379,3,61
380,3,58
381,3,63
382,3,64
383,3,59
384,3,63
385,3,60
386,3,57
387,3,66
388,3,65
389,3,60
390,3,57
391,3,63
392,3,64
393,3,59
394,3,63
395,3,60
396,3,57
397,3,63
398,3,66
399,3,68
400,3,64
401,3,61
402,3,62
403,3,63
404,3,64
405,3,59
406,3,63
407,3,60
408,3,57
409,3,64
410,3,68
411,3,69
412,3,66
413,3,59
414,3,61
415,3,62
416,3,63
417,3,59
418,3,66
419,3,59
420,3,60
421,3,69
422,3,63
423,3,61
424,3,63
425,3,64
426,3,59
427,3,63
428,3,60
429,3,57
430,3,62
431,3,65
432,3,60
433,3,65
434,3,61
435,3,60
436,3,62
437,3,64
438,3,62
439,3,62
440,3,60
441,3,58
442,3,66
443,3,53
444,3,62
445,3,66
446,3,60
447,3,66
448,3,60
449,3,60
450,3,62
451,3,66
452,3,60
453,3,66
454,3,60
455,3,60
456,3,63
457,3,62
458,3,65
459,3,60
460,3,61
461,3,61
462,3,58
463,3,53
464,3,62
465,3,63
466,3,59
467,3,66
468,3,59
469,3,60
470,3,57
471,3,60
472,3,55
473,3,65
474,3,71
475,3,71
476,3,63
477,3,62
478,3,62
479,3,63
480,3,64
481,3,59
482,3,63
483,3,60
484,3,57
485,3,62
486,3,65
487,3,60
488,3,61
489,3,61
490,3,58
491,3,56
492,3,69
493,3,63
494,3,56
495,3,58
496,3,63
497,3,65
498,3,68
499,3,65
500,3,60
501,3,62
502,3,62
503,3,66
504,3,60
505,3,66
506,3,60
507,3,60
508,3,65
509,3,68
510,3,65
511,3,60
512,3,62
513,3,62
514,3,63
515,3,59
516,3,66
517,3,59
518,3,60
519,3,65
520,3,70
521,3,64
522,3,62
523,3,62
524,3,63
525,3,63
526,3,59
527,3,63
528,3,58
529,3,57
530,3,64
531,3,68
532,3,69
533,3,66
534,3,59
535,3,61
536,3,59
537,3,64
538,3,59
539,3,63
540,3,57
541,3,62
542,3,65
543,3,61
544,3,61
545,3,58
546,3,63
547,3,63
548,3,59
549,3,63
550,3,58
551,3,57
552,3,63
553,3,64
554,3,59
555,3,63
556,3,60
557,3,57
558,3,63
559,3,59
560,3,63
561,3,55
562,3,57
563,3,63
564,3,55
565,3,59
566,3,60
567,3,66
568,3,52
569,3,65
570,3,70
571,3,71
572,3,64
573,3,62
574,3,62
575,3,54
576,3,52
577,3,62
578,3,66
579,3,60
580,3,66
581,3,60
582,3,60
583,3,58
584,3,66
585,3,57
586,3,62
587,3,67
588,3,68
589,3,62
590,3,61
591,3,62
592,3,60
593,3,65
594,3,62
595,3,65
596,3,60
597,3,61
598,3,61
599,3,58
600,3,63
601,3,64
602,3,59
603,3,63
604,3,60
605,3,57
606,3,62
607,3,65
608,3,60
609,3,61
610,3,61
611,3,58
612,3,63
613,3,69
614,3,69
615,3,63
616,3,61
617,3,61
618,3,59
619,3,63
620,3,55
621,3,65
622,3,71
623,3,71
624,3,63
625,3,62
626,3,62
627,3,63
628,3,63
629,3,59
630,3,63
631,3,58
632,3,57
633,3,63
634,3,68
635,3,66
636,3,65
637,3,59
638,3,59
639,3,62
640,3,64
641,3,62
642,3,62
643,3,60
644,3,58
645,3,64
646,3,68
647,3,69
648,3,66
649,3,59
650,3,61
651,3,63
652,3,66
653,3,68
654,3,64
655,3,61
656,3,62
657,3,62
658,3,65
659,3,61
660,3,61
661,3,58
662,3,58
663,3,63
664,3,68
665,3,66
666,3,62
667,3,58
668,3,57
669,3,65
670,3,71
671,3,71
672,3,63
673,3,62
674,3,62
675,3,69
676,3,63
677,3,63
678,3,63
679,3,59
680,3,63
681,3,58
682,3,57
683,3,62
684,3,65
685,3,60
686,3,61
687,3,61
688,3,58
689,3,60
690,3,55
691,3,58
692,3,63
693,3,68
694,3,66
695,3,64
696,3,58
697,3,57
698,3,62
699,3,65
700,3,60
701,3,61
702,3,55
703,3,61
704,3,58
705,3,62
706,3,65
707,3,65
708,3,61
709,3,60
710,3,58
711,3,62
712,3,63
713,3,59
714,3,66
715,3,59
716,3,60
717,3,65
718,3,60
719,3,65
720,3,60
721,3,64
722,3,59
723,3,63
724,3,55
725,3,57
726,3,62
727,3,64
728,3,62
729,3,62
730,3,60
731,3,58
732,3,62
733,3,63
734,3,59
735,3,66
736,3,59
737,3,60
738,3,65
739,3,62
740,3,66
741,3,60
742,3,66
743,3,60
744,3,60
745,3,57
746,3,62
747,3,63
748,3,59
749,3,66
750,3,52
751,3,59
752,3,60
753,3,62
754,3,65
755,3,60
756,3,65
757,3,61
758,3,60
759,3,59
760,3,66
761,3,60
762,3,62
763,3,64
764,3,62
765,3,62
766,3,60
767,3,58
768,3,63
769,3,69
770,3,69
771,3,63
772,3,61
773,3,61
774,3,65
775,3,70
776,3,65
777,3,61
778,3,62
779,3,63
780,3,64
781,3,59
782,3,63
783,3,60
784,3,57
785,3,64
786,3,69
787,3,66
788,3,63
789,3,60
790,3,57
791,3,64
792,3,59
793,3,55
794,3,57
795,3,62
796,3,53
797,3,63
798,3,65
799,3,68
800,3,65
801,3,60
802,3,62
803,3,62
804,3,65
805,3,60
806,3,61
807,3,61
808,3,58
809,3,63
810,3,68
811,3,66
812,3,65
813,3,59
814,3,59
815,3,63
816,3,64
817,3,59
818,3,63
819,3,60
820,3,57
821,3,59
822,3,69
823,3,66
824,3,55
825,3,62
826,3,65
827,3,60
828,3,61
829,3,61
830,3,58
831,3,65
832,3,68
833,3,65
834,3,60
835,3,62
836,3,63
837,3,64
838,3,59
839,3,63
840,3,60
841,3,57
842,3,63
843,3,63
844,3,59
845,3,63
846,3,58
847,3,57
848,3,62
849,3,63
850,3,59
851,3,66
852,3,59
853,3,60
854,3,65
855,3,63
856,3,59
857,3,57
858,3,55
859,3,64
860,3,62
861,3,62
862,3,53
863,3,58
864,3,69
865,3,69
866,3,63
867,3,61
868,3,63
869,3,64
870,3,59
871,3,63
872,3,60
873,3,57
874,3,62
875,3,66
876,3,63
877,3,61
878,3,61
879,3,59
880,3,62
881,3,66
882,3,60
883,3,66
884,3,60
885,3,60
886,3,63
887,3,64
888,3,59
889,3,63
890,3,55
891,3,60
892,3,57
893,3,62
894,3,68
895,3,69
896,3,63
897,3,59
898,3,61
899,3,63
900,3,64
901,3,59
902,3,63
903,3,60
904,3,57
905,3,62
906,3,67
907,3,68
908,3,62
909,3,61
910,3,62
911,3,63
912,3,63
913,3,68
914,3,66
915,3,64
916,3,58
917,3,57
918,3,62
919,3,67
920,3,62
921,3,61
922,3,62
923,3,63
924,3,68
925,3,66
926,3,62
927,3,58
928,3,57
929,3,65
930,3,70
931,3,71
932,3,64
933,3,62
934,3,62
935,3,62
936,3,65
937,3,60
938,3,61
939,3,61
940,3,58
941,3,62
942,3,68
943,3,69
944,3,63
945,3,59
946,3,61
947,3,63
948,3,64
949,3,59
950,3,63
951,3,60
952,3,57
953,3,62
954,3,63
955,3,59
956,3,66
957,3,59
958,3,60
959,3,63
960,3,64
961,3,59
962,3,63
963,3,60
964,3,57
965,3,63
966,3,59
967,3,66
968,3,60
969,3,63
970,3,64
971,3,63
972,3,60
973,3,57
974,4,63
975,4,69
976,4,57
977,4,58
978,4,57
979,4,60
980,4,63
981,4,58
982,4,62
983,4,52
984,4,57
985,4,63
986,4,61
987,4,60
988,4,71
989,4,58
990,4,56
991,4,67
992,4,56
993,4,60
994,4,63
995,4,62
996,4,63
997,4,58
998,4,63
999,4,62
1000,4,57
1001,4,63
1002,4,61
1003,4,57
1004,4,58
1005,4,63
1006,4,62
1007,4,57
1008,4,63
1009,4,53
1010,4,61
1011,4,57
1012,4,63
1013,4,61
1014,4,59
1015,4,63
1016,4,62
1017,4,60
1018,4,63
1019,4,62
1020,4,60
1021,4,63
1022,4,62
1023,4,60
1024,4,71
1025,4,58
1026,4,58
1027,4,63
1028,4,62
1029,4,60
1030,4,63
1031,4,62
1032,4,60
1033,4,63
1034,4,63
1035,4,56
1036,4,70
1037,4,59
1038,4,56
1039,4,72
1040,4,58
1041,4,58
1042,4,63
1043,4,62
1044,4,60
1045,4,63
1046,4,62
1047,4,60
1048,4,63
1049,4,62
1050,4,55
1051,4,61
1052,4,58
1053,4,63
1054,4,52
1055,4,62
1056,4,56
1057,4,72
1058,4,58
1059,4,60
1060,4,73
1061,4,60
1062,4,57
1063,4,63
1064,4,61
1065,4,59
1066,4,63
1067,4,62
1068,4,62
1069,4,58
1070,4,63
1071,4,62
1072,4,63
1073,4,69
1074,4,59
1075,4,55
1076,4,64
1077,4,57
1078,4,63
1079,4,61
1080,4,56
1081,4,70
1082,4,59
1083,4,62
1084,4,62
1085,4,63
1086,4,69
1087,4,58
1088,4,57
1089,4,63
1090,4,61
1091,4,70
1092,4,63
1093,4,63
1094,4,56
1095,4,66
1096,4,65
1097,4,56
1098,4,72
1099,4,61
1100,4,58
1101,4,60
1102,4,63
1103,4,63
1104,4,60
1105,4,62
1106,4,57
1107,4,63
1108,4,61
1109,4,60
1110,4,63
1111,4,57
1112,4,63
1113,4,52
1114,4,56
1115,4,68
1116,4,61
1117,4,66
1118,4,57
1119,4,70
1120,4,60
1121,4,58
1122,4,63
1123,4,62
1124,4,57
1125,4,63
1126,4,61
1127,4,57
1128,4,63
1129,4,61
1130,4,58
1131,4,63
1132,4,52
1133,4,59
1134,4,63
1135,4,62
1136,4,56
1137,4,66
1138,4,55
1139,4,65
1140,4,58
1141,4,63
1142,4,62
1143,4,58
1144,4,63
1145,4,62
1146,4,57
1147,4,63
1148,4,61
1149,4,60
1150,4,63
1151,4,57
1152,4,63
1153,4,55
1154,4,66
1155,4,55
1156,4,64
1157,4,64
1158,4,60
1159,4,63
1160,4,62
1161,4,62
1162,4,58
1163,4,58
1164,4,63
1165,4,52
1166,4,62
1167,4,57
1168,4,63
1169,4,61
1170,4,58
1171,4,63
1172,4,62
1173,4,62
1174,4,60
1175,4,73
1176,4,60
1177,4,63
1178,4,69
1179,4,59
1180,4,56
1181,4,70
1182,4,59
1183,4,60
1184,4,71
1185,4,62
1186,4,58
1187,4,57
1188,4,63
1189,4,53
1190,4,58
1191,4,63
1192,4,62
1193,4,57
1194,4,63
1195,4,61
1196,4,56
1197,4,70
1198,4,59
1199,4,56
1200,4,66
1201,4,65
1202,4,55
1203,4,66
1204,4,64
1205,4,60
1206,4,63
1207,4,62
1208,4,62
1209,4,59
1210,4,63
1211,4,62
1212,4,57
1213,4,63
1214,4,61
1215,4,56
1216,4,72
1217,4,58
1218,4,56
1219,4,67
1220,4,64
1221,4,60
1222,4,63
1223,4,62
1224,4,56
1225,4,72
1226,4,58
1227,4,60
1228,4,63
1229,4,62
1230,4,57
1231,4,63
1232,4,61
1233,4,59
1234,4,71
1235,4,60
1236,4,60
1237,4,63
1238,4,58
1239,4,62
1240,4,56
1241,4,66
1242,4,55
1243,4,65
1244,4,56
1245,4,62
1246,4,69
1247,4,60
1248,4,59
1249,4,70
1250,4,59
1251,4,57
1252,4,63
1253,4,61
1254,4,56
1255,4,70
1256,4,63
1257,4,59
1258,4,59
1259,4,70
1260,4,59
1261,5,62
1262,5,59
1263,5,64
1264,5,66
1265,5,62
1266,5,64
1267,5,57
1268,5,57
1269,5,62
1270,5,65
1271,5,66
1272,5,62
1273,5,63
1274,5,57
1275,5,62
1276,5,59
1277,5,65
1278,5,61
1279,5,57
1280,5,62
1281,5,59
1282,5,64
1283,5,62
1284,5,59
1285,5,62
1286,5,64
1287,5,67
1288,5,65
1289,5,62
1290,5,63
1291,5,62
1292,5,58
1293,5,63
1294,5,60
1295,5,66
1296,5,66
1297,5,67
1298,5,56
1299,5,65
1300,5,62
1301,5,59
1302,5,60
1303,5,62
1304,5,64
1305,5,66
1306,5,60
1307,5,62
1308,5,62
1309,5,62
1310,5,66
1311,5,59
1312,5,66
1313,5,62
1314,5,62
1315,6,60
1316,6,64
1317,6,59
1318,6,72
1319,6,66
1320,6,61
1321,6,65
1322,6,61
1323,6,58
1324,6,65
1325,6,60
1326,6,71
1327,6,61
1328,6,64
1329,6,60
1330,6,65
1331,6,57
1332,6,67
1333,6,66
1334,6,62
1335,6,62
1336,6,64
1337,6,61
1338,6,65
1339,6,59
1340,6,72
1341,6,62
1342,6,64
1343,6,63
1344,6,63
1345,6,62
1346,6,63
1347,6,60
1348,6,72
1349,6,61
1350,6,64
1351,6,60
1352,6,65
1353,6,61
1354,6,60
1355,6,64
1356,6,72
1357,6,61
1358,6,64
1359,6,60
1360,6,65
1361,6,64
1362,6,60
1363,6,65
1364,6,64
1365,6,63
1366,6,61
1367,6,63
1368,6,56
1369,6,67
1370,6,65
1371,6,61
1372,6,65
1373,6,59
1374,6,63
1375,6,61
1376,6,63
1377,6,57
1378,6,66
1379,6,61
1380,6,71
1381,6,61
1382,6,64
1383,6,60
1384,6,65
1385,6,65
1386,6,61
1387,6,66
1388,6,60
1389,6,65
1390,6,61
1391,6,58
1392,6,57
1393,6,61
1394,6,66
1395,6,60
1396,6,65
1397,6,63
1398,6,61
1399,6,63
1400,6,58
1401,6,65
1402,6,60
1403,6,71
1404,6,58
1405,6,66
1406,6,59
1407,6,71
1408,6,64
1409,6,63
1410,6,61
1411,6,63
1412,6,66
1413,6,61
1414,6,71
1415,6,61
1416,6,66
1417,6,60
1418,6,65
1419,6,61
1420,6,65
1421,6,59
1422,6,72
1423,6,62
1424,6,63
1425,6,60
1426,6,72
1427,6,62
1428,6,63
1429,6,60
1430,6,72
1431,6,65
1432,6,59
1433,6,72
1434,6,67
1435,6,61
1436,6,73
1437,6,61
1438,6,64
1439,6,60
1440,6,65
1441,6,59
1442,6,65
1443,6,71
1444,6,64
1445,6,61
1446,6,63
1447,6,69
1448,6,64
1449,6,60
1450,6,65
1451,6,56
1452,6,67
1453,6,60
1454,6,65
1455,6,56
1456,6,66
1457,6,59
1458,6,71
1459,6,61
1460,6,66
1461,6,60
1462,6,65
1463,6,66
1464,6,58
1465,6,71
1466,6,57
1467,6,57
1468,6,67
1469,6,66
1470,6,61
1471,6,66
1472,6,58
1473,6,71
1474,6,66
1475,6,61
1476,6,65
1477,6,65
1478,6,60
1479,6,71
1480,6,60
1481,6,64
1482,6,72
1483,6,62
1484,6,62
1485,6,64
1486,6,61
1487,6,65
1488,6,59
1489,6,72
1490,6,62
1491,6,63
1492,6,60
1493,6,72
1494,6,61
1495,6,65
1496,6,72
1497,6,64
1498,6,63
1499,6,61
1500,6,63
1501,6,59
1502,6,65
1503,6,59
1504,6,71
1505,6,61
1506,6,66
1507,6,65
1508,6,63
1509,6,63
1510,6,60
1511,6,72
1512,6,61
1513,6,66
1514,6,58
1515,6,71
1516,6,61
1517,6,61
1518,6,58
1519,6,65
1520,6,60
1521,6,71
1522,6,64
1523,6,60
1524,6,65
1525,6,60
1526,6,64
1527,6,59
1528,6,72
1529,6,61
1530,6,65
1531,6,58
1532,6,60
1533,6,62
1534,6,63
1535,6,72
1536,6,61
1537,6,65
1538,6,59
1539,6,72
1540,6,57
1541,6,63
1542,6,60
1543,6,72
1544,6,64
1545,6,61
1546,6,63
1547,6,62
1548,6,62
1549,6,64
1550,6,61
1551,6,64
1552,6,60
1553,6,65
1554,6,61
1555,6,66
1556,6,61
1557,6,66
1558,6,58
1559,6,71
1560,6,65
1561,6,60
1562,6,71
1563,6,67
1564,6,62
1565,6,62
1566,6,62
1567,6,64
1568,6,65
1569,6,59
1570,6,72
1571,6,64
1572,6,59
1573,6,60
1574,6,62
1575,6,63
1576,6,60
1577,6,72
1578,6,59
1579,6,65
1580,6,59
1581,6,71
1582,6,58
1583,6,67
1584,6,59
1585,6,65
1586,6,64
1587,6,63
1588,6,61
1589,6,63
1590,6,65
1591,6,59
1592,6,72
1593,6,62
1594,6,62
1595,6,64
1596,6,58
1597,6,64
1598,6,63
1599,6,61
1600,6,63
1601,6,64
1602,6,63
1603,6,61
1604,6,63
1605,6,62
1606,6,60
1607,6,64
1608,6,60
1609,6,64
1610,6,58
1611,6,62
1612,6,61
1613,6,65
1614,6,57
1615,6,67
1616,6,66
1617,6,64
1618,6,59
1619,6,72
1620,6,60
1621,6,64
1622,6,59
1623,6,72
1624,6,61
1625,6,61
1626,6,65
1627,6,72
1628,6,62
1629,6,62
1630,6,64
1631,6,62
1632,6,62
1633,6,64
1634,6,66
1635,6,61
1636,6,65
1637,6,67
1638,6,61
1639,6,73
1640,6,57
1641,6,69
1642,6,67
1643,6,66
1644,6,58
1645,6,65
1646,6,60
1647,6,71
1648,6,60
1649,6,64
1650,6,59
1651,6,72
1652,6,64
1653,6,59
1654,6,72
1655,6,62
1656,6,60
1657,6,59
1658,6,66
1659,6,60
1660,6,64
1661,6,63
1662,6,60
1663,6,72
1664,6,62
1665,6,62
1666,6,64
1667,6,57
1668,6,67
1669,6,60
1670,6,66
1671,6,62
1672,6,61
1673,6,65
1674,6,59
1675,6,72
1676,6,62
1677,6,62
1678,6,62
1679,6,64
1680,6,62
1681,6,62
1682,6,62
1683,6,64
1684,6,62
1685,6,64
1686,6,63
1687,6,64
1688,6,61
1689,6,63
1690,6,56
1691,6,66
1692,6,64
1693,6,60
1694,6,65
1695,6,65
1696,6,59
1697,6,72
1698,6,64
1699,6,63
1700,6,61
1701,6,63
1702,6,60
1703,6,64
1704,6,59
1705,6,72
1706,6,64
1707,6,63
1708,6,61
1709,6,63
1710,6,61
1711,6,64
1712,6,60
1713,6,65
1714,6,61
1715,6,58
1716,6,65
1717,6,72
1718,6,67
1719,6,59
1720,6,65
1721,6,62
1722,6,62
1723,6,62
1724,6,64
1725,6,65
1726,6,60
1727,6,71
1728,6,63
1729,6,57
1730,6,62
1731,6,62
1732,6,62
1733,6,64
1734,6,61
1735,6,66
1736,6,61
1737,6,64
1738,6,60
1739,6,65
1740,6,61
1741,6,66
1742,6,60
1743,6,65
1744,6,61
1745,6,66
1746,6,60
1747,6,65
1748,6,57
1749,6,61
1750,6,64
1751,6,60
1752,6,65
1753,6,64
1754,6,60
1755,6,65
1756,6,66
1757,6,58
1758,6,71
1759,6,65
1760,6,59
1761,6,72
1762,6,63
1763,6,64
1764,6,61
1765,6,63
1766,6,58
1767,6,60
1768,6,61
1769,6,58
1770,6,67
1771,6,60
1772,6,65
1773,6,58
1774,6,67
1775,6,59
1776,6,65
1777,6,61
1778,6,66
1779,6,60
1780,6,65
1781,6,61
1782,6,65
1783,6,59
1784,6,72
1785,6,65
1786,6,61
1787,6,66
1788,6,65
1789,6,61
1790,6,61
1791,6,60
1792,6,64
1793,6,60
1794,6,65
1795,6,61
1796,6,64
1797,6,65
1798,6,62
1799,6,63
1800,6,72
1801,6,62
1802,6,63
1803,6,60
1804,6,72
1805,6,62
1806,6,62
1807,6,64
1808,6,61
1809,6,65
1810,6,59
1811,6,72
1812,6,56
1813,6,67
1814,6,60
1815,6,65
1816,6,66
1817,6,58
1818,6,71
1819,6,59
1820,6,65
1821,6,59
1822,6,71
1823,6,58
1824,6,59
1825,6,65
1826,6,60
1827,6,71
1828,6,59
1829,6,65
1830,6,59
1831,6,71
1832,6,65
1833,6,62
1834,6,62
1835,6,62
1836,6,64
1837,6,62
1838,6,62
1839,6,64
1840,6,65
1841,6,60
1842,6,71
1843,6,61
1844,6,66
1845,6,61
1846,6,65
1847,6,62
1848,6,62
1849,6,62
1850,6,64
1851,6,61
1852,6,65
1853,6,59
1854,6,72
1855,6,66
1856,6,61
1857,6,71
1858,6,57
1859,6,65
1860,6,71
1861,6,59
1862,6,65
1863,6,59
1864,6,71
1865,6,64
1866,6,60
1867,6,65
1868,6,58
1869,6,66
1870,6,60
1871,6,64
1872,6,61
1873,6,65
1874,6,59
1875,6,72
1876,7,62
1877,7,59
1878,7,62
1879,7,57
1880,7,63
1881,7,57
1882,7,59
1883,7,59
1884,7,65
1885,7,65
1886,7,62
1887,7,62
1888,7,59
1889,7,57
1890,7,68
1891,7,60
1892,7,58
1893,7,59
1894,7,55
1895,7,69
1896,7,66
1897,7,58
1898,7,59
1899,7,59
1900,7,69
1901,7,71
1902,7,62
1903,7,59
1904,7,57
1905,7,68
1906,7,60
1907,7,62
1908,7,59
1909,7,57
1910,7,68
1911,7,60
1912,7,63
1913,7,62
1914,7,57
1915,7,67
1916,7,62
1917,7,61
1918,7,59
1919,7,67
1920,7,70
1921,7,61
1922,7,61
1923,7,56
1924,7,65
1925,7,61
1926,7,60
1927,7,61
1928,7,61
1929,7,56
1930,7,65
1931,7,61
1932,7,59
1933,7,58
1934,7,65
1935,7,65
1936,7,62
1937,7,59
1938,7,57
1939,7,68
1940,7,60
1941,7,61
1942,7,61
1943,7,56
1944,7,65
1945,7,61
1946,7,61
1947,7,61
1948,7,59
1949,7,67
1950,7,70
1951,7,61
1952,7,59
1953,7,67
1954,7,70
1955,7,63
1956,7,59
1957,7,59
1958,7,65
1959,7,65
1960,7,59
1961,7,59
1962,7,67
1963,7,66
1964,7,63
1965,7,57
1966,7,67
1967,7,62
1968,7,62
1969,7,59
1970,7,54
1971,7,69
1972,7,60
1973,7,62
1974,7,61
1975,7,61
1976,7,59
1977,7,67
1978,7,70
1979,7,61
1980,7,61
1981,7,56
1982,7,65
1983,7,61
1984,7,63
1985,7,57
1986,7,67
1987,7,62
1988,7,59
1989,7,60
1990,7,57
1991,7,66
1992,7,66
1993,7,62
1994,7,57
1995,7,58
1996,7,59
1997,7,59
1998,7,69
1999,7,71
2000,7,61
2001,7,61
2002,7,56
2003,7,65
2004,7,61
2005,7,62
2006,7,59
2007,7,57
2008,7,68
2009,7,60
2010,7,62
2011,7,63
2012,7,63
2013,7,59
2014,7,60
2015,7,61
2016,7,59
2017,7,64
2018,7,69
2019,7,62
2020,7,58
2021,7,68
2022,7,57
2023,7,62
2024,7,58
2025,7,57
2026,7,65
2027,7,60
2028,7,61
2029,7,53
2030,7,61
2031,7,56
2032,7,65
2033,7,61
2034,7,61
2035,7,61
2036,7,65
2037,7,62
2038,7,58
2039,7,57
2040,7,65
2041,7,60
2042,7,59
2043,7,57
2044,7,68
2045,7,60
2046,7,62
2047,7,62
2048,7,59
2049,7,57
2050,7,68
2051,7,60
2052,7,62
2053,7,59
2054,7,57
2055,7,68
2056,7,60
2057,7,61
2058,7,65
2059,7,61
2060,7,61
2061,7,58
2062,7,58
2063,7,59
2064,7,63
2065,8,61
2066,8,61
2067,8,66
2068,8,63
2069,8,58
2070,8,61
2071,8,62
2072,8,61
2073,8,62
2074,8,64
2075,8,57
2076,8,62
2077,8,64
2078,8,65
2079,8,65
2080,8,64
2081,8,64
2082,8,60
2083,8,61
2084,8,60
2085,8,63
2086,8,61
2087,8,61
2088,8,61
2089,8,57
2090,8,62
2091,8,59
2092,8,61
2093,8,64
2094,8,64
2095,8,61
2096,8,61
2097,8,61
2098,8,63
2099,8,62
2100,8,61
2101,8,62
2102,8,57
2103,8,62
2104,8,60
2105,8,64
2106,8,64
2107,8,60
2108,8,61
2109,8,59
2110,8,61
2111,8,62
2112,8,60
2113,8,64
2114,8,60
2115,8,62
2116,8,60
2117,8,61
2118,8,64
2119,8,61
2120,8,60
2121,8,59
2122,8,64
2123,8,58
2124,8,61
2125,8,62
2126,8,64
2127,8,58
2128,8,61
2129,8,60
2130,8,65
2131,8,65
2132,8,62
2133,8,64
2134,8,58
2135,8,61
2136,8,58
2137,8,61
2138,8,59
2139,8,61
2140,8,60
2141,8,61
2142,8,66
2143,8,63
2144,8,61
2145,8,60
2146,8,61
2147,8,61
2148,8,60
2149,8,62
2150,8,61
2151,8,64
2152,8,66
2153,8,63
2154,8,58
2155,8,61
2156,8,58
2157,8,61
2158,8,64
2159,8,64
2160,8,62
2161,8,64
2162,8,61
2163,8,61
2164,8,62
2165,8,60
2166,8,62
2167,8,57
2168,8,62
2169,8,62
2170,8,64
2171,8,61
2172,8,58
2173,8,61
2174,8,61
2175,8,61
2176,8,62
2177,8,62
2178,8,60
2179,8,63
2180,8,62
2181,8,60
2182,8,65
2183,8,61
2184,8,61
2185,8,60
2186,8,61
2187,8,60
2188,8,62
2189,8,63
2190,8,60
2191,8,61
2192,8,60
2193,8,62
2194,8,60
2195,8,63
2196,8,60
2197,8,63
2198,8,66
2199,8,63
2200,8,57
2201,8,61
2202,8,63
2203,8,62
2204,8,61
2205,8,60
2206,8,62
2207,8,61
2208,8,66
2209,8,64
2210,8,61
2211,8,61
2212,8,57
2213,8,59
2214,8,64
2215,8,64
2216,8,62
2217,8,61
2218,8,64
2219,8,62
2220,8,60
2221,8,62
2222,8,62
2223,8,61
2224,8,61
2225,8,62
2226,8,62
2227,8,66
2228,8,63
2229,8,61
2230,9,49
2231,9,58
2232,9,60
2233,9,64
2234,9,64
2235,9,62
2236,9,63
2237,9,61
2238,9,61
2239,9,66
2240,9,55
2241,9,59
2242,9,65
2243,9,62
2244,9,65
2245,9,66
2246,9,66
2247,9,63
2248,9,59
2249,9,63
2250,9,56
2251,9,52
2252,9,61
2253,9,61
2254,9,68
2255,9,62
2256,9,61
2257,9,61
2258,9,63
2259,9,65
2260,9,59
2261,9,64
2262,9,69
2263,9,64
2264,9,63
2265,9,64
2266,9,62
2267,9,62
2268,9,67
2269,9,64
2270,9,53
2271,9,65
2272,9,59
2273,9,59
2274,9,60
2275,9,63
2276,9,62
2277,9,64
2278,9,67
2279,9,62
2280,9,66
2281,9,60
2282,9,64
2283,9,62
2284,9,63
2285,9,64
2286,9,65
2287,9,62
2288,9,61
2289,9,57
2290,9,59
2291,9,62
2292,9,59
2293,9,61
2294,9,61
2295,9,55
2296,9,61
2297,9,60
2298,9,64
2299,9,64
2300,9,62
2301,9,63
2302,9,61
2303,9,61
2304,9,66
2305,9,59
2306,9,64
2307,9,66
2308,9,65
2309,9,65
2310,9,66
2311,9,64
2312,9,59
2313,9,60
2314,9,65
2315,9,68
2316,9,66
2317,9,65
2318,9,65
2319,9,63
2320,9,61
2321,9,59
2322,9,60
2323,9,66
2324,9,63
2325,9,61
2326,9,61
2327,9,61
2328,9,67
2329,9,59
2330,9,59
2331,9,60
2332,9,68
2333,9,66
2334,9,65
2335,9,65
2336,9,63
2337,9,61
2338,9,61
2339,9,61
2340,9,63
2341,9,61
2342,9,61
2343,9,62
2344,9,61
2345,9,67
2346,9,62
2347,9,68
2348,9,62
2349,9,61
2350,9,62
2351,9,63
2352,9,66
2353,9,59
2354,9,65
2355,9,62
2356,9,65
2357,9,66
2358,9,66
2359,9,63
2360,9,59
2361,9,60
2362,9,61
2363,9,57
2364,9,61
2365,9,61
2366,9,61
2367,9,67
2368,9,65
2369,9,62
2370,9,65
2371,9,66
2372,9,63
2373,9,59
2374,9,53
2375,9,67
2376,9,64
2377,9,66
2378,9,65
2379,9,65
2380,9,66
2381,9,64
2382,9,59
2383,9,62
2384,9,64
2385,9,68
2386,9,64
2387,9,64
2388,9,61
2389,9,63
2390,9,62
2391,9,62
2392,9,64
2393,9,68
2394,9,64
2395,9,64
2396,9,61
2397,9,63
2398,9,62
2399,9,66
2400,9,63
2401,9,56
2402,9,63
2403,9,63
2404,9,61
2405,9,59
2406,9,67
2407,9,59
2408,9,61
2409,9,60
2410,9,62
2411,9,65
2412,9,59
2413,9,64
2414,9,69
2415,9,64
2416,9,63
2417,9,64
2418,9,62
2419,9,62
2420,9,60
2421,9,62
2422,9,66
2423,9,63
2424,9,61
2425,9,61
2426,9,62
2427,9,66
2428,9,62
2429,9,68
2430,9,62
2431,9,61
2432,9,62
2433,9,63
2434,9,66
2435,9,61
2436,9,49
2437,9,63
2438,9,59
2439,9,67
2440,9,60
2441,9,62
2442,9,67
2443,9,63
2444,9,63
2445,9,65
2446,9,62
2447,9,61
2448,9,61
2449,9,61
2450,9,68
2451,9,62
2452,9,61
2453,9,61
2454,9,63
2455,9,65
2456,9,62
2457,9,64
2458,9,53
2459,9,64
2460,9,61
2461,9,66
2462,9,60
2463,9,63
2464,9,62
2465,9,64
2466,9,67
2467,9,62
2468,9,66
2469,9,55
2470,9,61
2471,9,60
2472,9,61
2473,9,61
2474,9,62
2475,9,61
2476,9,67
2477,9,61
2478,9,66
2479,9,62
2480,9,61
2481,9,62
2482,9,62
2483,9,67
2484,9,65
2485,9,60
2486,9,61
2487,9,63
2488,9,63
2489,9,65
2490,9,62
2491,9,63
2492,9,61
2493,9,59
2494,9,65
2495,9,62
2496,9,65
2497,9,66
2498,9,66
2499,9,63
2500,9,59
2501,9,54
2502,9,63
2503,9,60
2504,9,63
2505,9,63
2506,9,61
2507,9,61
2508,9,61
2509,9,67
2510,9,61
2511,9,63
2512,9,63
2513,9,65
2514,9,62
2515,9,63
2516,9,61
2517,9,60
2518,9,61
2519,9,63
2520,9,62
2521,9,64
2522,9,67
2523,9,62
2524,9,66
2525,9,61
2526,9,61
2527,9,67
2528,9,60
2529,9,62
2530,9,68
2531,9,63
2532,9,64
2533,9,66
2534,9,63
2535,9,65
2536,9,59
2537,9,61
2538,9,61
2539,9,68
2540,9,62
2541,9,61
2542,9,61
2543,9,63
2544,9,65
2545,9,64
2546,9,54
2547,9,61
2548,9,63
2549,9,62
2550,9,60
2551,9,64
2552,9,64
2553,9,62
2554,9,63
2555,9,61
2556,9,61
2557,9,66
2558,9,62
2559,9,64
2560,9,68
2561,9,64
2562,9,64
2563,9,61
2564,9,63
2565,9,62
2566,9,59
2567,9,64
2568,9,66
2569,9,65
2570,9,65
2571,9,66
2572,9,64
2573,9,59
2574,9,60
2575,9,51
2576,9,63
2577,9,61
2578,9,63
2579,9,63
2580,9,63
2581,9,65
2582,9,62
2583,9,63
2584,9,61
2585,9,60
2586,9,61
2587,9,49
2588,9,63
2589,9,67
2590,9,63
2591,9,56
2592,9,63
2593,9,63
2594,9,65
2595,9,62
2596,9,63
2597,9,61
2598,9,59
2599,9,67
2600,9,64
2601,9,53
2602,9,64
2603,9,62
2604,9,63
2605,9,61
2606,9,61
2607,9,66
2608,9,60
2609,9,64
2610,9,64
2611,9,62
2612,9,63
2613,9,61
2614,9,61
2615,9,66
2616,9,53
2617,9,67
2618,9,53
2619,9,61
2620,9,60
2621,9,61
2622,9,63
2623,9,62
2624,9,64
2625,9,67
2626,9,62
2627,9,66
2628,9,60
2629,9,61
2630,9,67
2631,9,62
2632,9,64
2633,9,67
2634,9,63
2635,9,65
2636,9,60
2637,9,62
2638,9,66
2639,9,63
2640,9,61
2641,9,61
2642,9,62
2643,9,66
2644,9,60
2645,9,65
2646,9,66
2647,9,63
2648,9,64
2649,9,65
2650,9,63
2651,9,61
2652,9,60
2653,9,64
2654,9,62
2655,9,63
2656,9,64
2657,9,65
2658,9,62
2659,9,61
2660,9,63
2661,9,63
2662,9,60
2663,9,63
2664,9,65
2665,9,62
2666,9,63
2667,9,61
2668,9,62
2669,9,64
2670,9,68
2671,9,64
2672,9,64
2673,9,61
2674,9,63
2675,9,62
2676,9,61
2677,9,63
2678,9,60
2679,9,62
2680,9,63
2681,9,61
2682,9,61
2683,9,64
2684,9,62
2685,9,63
2686,9,64
2687,9,65
2688,9,62
2689,9,61
2690,9,61
2691,9,61
2692,9,63
2693,9,61
2694,9,61
2695,9,62
2696,9,61
2697,9,67
2698,9,61
2699,9,63
2700,9,63
2701,9,63
2702,9,65
2703,9,62
2704,9,63
2705,9,61
2706,9,60
2707,9,64
2708,9,64
2709,9,62
2710,9,63
2711,9,61
2712,9,61
2713,9,66
2714,9,61
2715,9,61
2716,9,68
2717,9,62
2718,9,61
2719,9,61
2720,9,63
2721,9,65
2722,9,62
2723,9,64
2724,9,68
2725,9,64
2726,9,64
2727,9,61
2728,9,63
2729,9,62
2730,9,61
2731,9,68
2732,9,62
2733,9,61
2734,9,61
2735,9,63
2736,9,65
2737,9,56
2738,9,60
2739,9,62
2740,9,49
2741,9,68
2742,9,63
2743,9,64
2744,9,66
2745,9,63
2746,9,65
2747,9,64
2748,9,58
2749,9,62
2750,9,64
2751,9,68
2752,9,64
2753,9,64
2754,9,61
2755,9,63
2756,9,62
2757,9,62
2758,9,68
2759,9,64
2760,9,64
2761,9,61
2762,9,63
2763,9,62
2764,9,61
2765,9,61
2766,9,63
2767,9,61
2768,9,62
2769,9,61
2770,9,67
2771,9,62
2772,9,68
2773,9,64
2774,9,64
2775,9,61
2776,9,63
2777,9,62
2778,9,60
2779,9,64
2780,9,53
2781,9,64
2782,9,62
2783,9,63
2784,9,61
2785,9,61
2786,9,66
2787,9,60
2788,9,62
2789,9,68
2790,9,64
2791,9,66
2792,9,63
2793,9,65
2794,9,67
2795,9,53
2796,9,61
2797,9,63
2798,9,56
2799,9,63
2800,9,63
2801,9,65
2802,9,62
2803,9,63
2804,9,61
2805,9,60
2806,9,64
2807,9,64
2808,9,62
2809,9,63
2810,9,61
2811,9,61
2812,9,66
2813,9,61
2814,9,49
2815,9,60
2816,9,64
2817,9,64
2818,9,62
2819,9,63
2820,9,61
2821,9,61
2822,9,66
2823,9,61
2824,9,63
2825,9,61
2826,9,61
2827,9,62
2828,9,61
2829,9,67
2830,9,60
2831,9,64
2832,9,64
2833,9,62
2834,9,63
2835,9,61
2836,9,61
2837,9,66
2838,9,64
2839,9,52
2840,9,63
2841,9,64
2842,9,65
2843,9,62
2844,9,61
2845,9,61
2846,9,61
2847,9,65
2848,9,53
2849,9,64
2850,9,66
2851,9,63
2852,9,61
2853,9,62
2854,9,64
2855,9,68
2856,9,64
2857,9,64
2858,9,61
2859,9,63
2860,9,62
2861,9,60
2862,9,61
2863,9,51
2864,9,63
2865,9,67
2866,9,62
2867,9,66
2868,9,62
2869,9,64
2870,9,68
2871,9,64
2872,9,64
2873,9,61
2874,9,63
2875,9,62
2876,9,60
2877,9,68
2878,9,63
2879,9,64
2880,9,66
2881,9,63
2882,9,65
2883,9,61
2884,9,61
2885,9,68
2886,9,62
2887,9,61
2888,9,61
2889,9,63
2890,9,65
2891,9,61
2892,9,61
2893,9,68
2894,9,62
2895,9,61
2896,9,61
2897,9,63
2898,9,65
2899,9,61
2900,9,65
2901,9,60
2902,9,62
2903,9,63
2904,9,64
2905,9,65
2906,9,62
2907,9,61
2908,9,59
2909,9,67
2910,9,66
2911,9,66
2912,9,65
2913,9,64
2914,9,60
2915,9,60
2916,9,64
2917,9,64
2918,9,62
2919,9,63
2920,9,61
2921,9,61
2922,9,66
2923,9,61
2924,9,63
2925,9,63
2926,9,63
2927,9,65
2928,9,62
2929,9,63
2930,9,61
2931,9,60
2932,9,64
2933,9,64
2934,9,62
2935,9,63
2936,9,61
2937,9,61
2938,9,66
2939,9,60
2940,9,62
2941,9,66
2942,9,63
2943,9,61
2944,9,61
2945,9,62
2946,9,66
2947,9,60
2948,9,64
2949,9,64
2950,9,62
2951,9,63
2952,9,61
2953,9,61
2954,9,66
2955,9,61
2956,9,52
2957,9,66
2958,9,60
2959,9,62
2960,9,63
2961,9,64
2962,9,65
2963,9,62
2964,9,61
2965,9,59
2966,9,64
2967,9,67
2968,9,66
2969,9,66
2970,9,65
2971,9,64
2972,9,60
2973,9,60
2974,9,63
2975,9,59
2976,9,66
2977,9,63
2978,9,61
2979,9,61
2980,9,61
2981,9,67
2982,9,60
2983,9,60
2984,9,64
2985,9,64
2986,9,62
2987,9,63
2988,9,61
2989,9,61
2990,9,66
2991,9,61
2992,9,65
2993,9,67
2994,9,64
2995,9,65
2996,9,62
2997,9,64
2998,9,61
2999,9,60
3000,9,65
3001,9,68
3002,9,66
3003,9,65
3004,9,65
3005,9,63
3006,9,61
3007,9,52
3008,9,53
3009,9,59
3010,9,60
3011,9,64
3012,9,64
3013,9,62
3014,9,63
3015,9,61
3016,9,61
3017,9,66
3018,9,60
3019,9,61
3020,9,63
3021,9,62
3022,9,64
3023,9,67
3024,9,62
3025,9,66
3026,9,61
3027,9,52
3028,9,62
3029,9,61
3030,9,61
3031,9,63
3032,9,65
3033,9,51
3034,9,63
3035,9,66
3036,9,61
3037,9,61
3038,9,67
3039,9,60
3040,9,68
3041,9,63
3042,9,64
3043,9,66
3044,9,63
3045,9,65
3046,9,61
3047,9,65
3048,9,64
3049,9,65
3050,9,62
3051,9,63
3052,9,61
3053,9,63
3054,9,64
3055,9,61
3056,9,49
3057,9,58
3058,9,61
3059,9,67
3060,9,60
3061,9,65
3062,9,68
3063,9,66
3064,9,65
3065,9,65
3066,9,63
3067,9,61
3068,9,60
3069,9,61
3070,9,63
3071,9,62
3072,9,64
3073,9,67
3074,9,62
3075,9,66
3076,9,62
3077,9,60
3078,9,62
3079,9,61
3080,9,62
3081,9,63
3082,9,66
3083,9,60
3084,9,61
3085,9,63
3086,9,62
3087,9,64
3088,9,67
3089,9,62
3090,9,66
3091,9,53
3092,9,52
3093,9,64
3094,9,68
3095,9,61
3096,9,63
3097,9,65
3098,9,63
3099,9,61
3100,9,63
3101,9,63
3102,9,63
3103,9,65
3104,9,62
3105,9,63
3106,9,61
3107,9,61
3108,9,62
3109,9,66
3110,9,62
3111,9,61
3112,9,62
3113,9,62
3114,9,67
3115,9,53
3116,9,60
3117,9,64
3118,9,64
3119,9,62
3120,9,63
3121,9,61
3122,9,61
3123,9,66
3124,9,60
3125,9,64
3126,9,64
3127,9,62
3128,9,63
3129,9,61
3130,9,61
3131,9,66
3132,9,59
3133,9,62
3134,9,65
3135,9,66
3136,9,66
3137,9,63
3138,9,59
3139,9,61
3140,9,66
3141,9,62
3142,9,61
3143,9,62
3144,9,62
3145,9,67
3146,9,61
3147,9,63
3148,9,63
3149,9,65
3150,9,62
3151,9,63
3152,9,61
3153,9,60
3154,9,49
3155,9,62
3156,9,66
3157,9,60
3158,9,64
3159,9,53
3160,9,64
3161,9,63
3162,9,61
3163,9,61
3164,9,66
3165,9,59
3166,9,65
3167,9,62
3168,9,65
3169,9,66
3170,9,66
3171,9,63
3172,9,59
3173,9,59
3174,9,69
3175,9,64
3176,9,63
3177,9,64
3178,9,62
3179,9,62
3180,9,64
3181,9,53
3182,9,61
3183,9,61
3184,9,66
3185,9,60
3186,9,61
3187,9,65
3188,9,61
3189,9,62
3190,9,61
3191,9,61
3192,9,67
3193,9,64
3194,9,64
3195,9,62
3196,9,63
3197,9,61
3198,9,61
3199,9,66
3200,9,60
3201,9,64
3202,9,64
3203,9,62
3204,9,63
3205,9,61
3206,9,61
3207,9,66
3208,9,59
3209,9,58
3210,9,60
3211,9,64
3212,9,64
3213,9,62
3214,9,63
3215,9,61
3216,9,61
3217,9,66
3218,9,59
3219,9,69
3220,9,64
3221,9,63
3222,9,64
3223,9,62
3224,9,62
3225,9,51
3226,9,61
3227,9,61
3228,9,63
3229,9,61
3230,9,61
3231,9,62
3232,9,61
3233,9,67
3234,9,60
3235,9,65
3236,9,61
3237,9,62
3238,9,61
3239,9,61
3240,9,67
3241,9,61
3242,9,63
3243,9,63
3244,9,63
3245,9,65
3246,9,62
3247,9,63
3248,9,61
3249,9,59
3250,9,64
3251,9,53
3252,9,66
3253,9,65
3254,9,65
3255,9,66
3256,9,64
3257,9,59
3258,9,60
3259,9,64
3260,9,59
3261,9,61
3262,9,61
3263,9,63
3264,9,61
3265,9,61
3266,9,62
3267,9,61
3268,9,67
3269,9,68
3270,9,59
3271,9,60
3272,9,64
3273,9,53
3274,9,64
3275,9,62
3276,9,63
3277,9,61
3278,9,61
3279,9,66
3280,9,61
3281,9,65
3282,9,64
3283,9,65
3284,9,62
3285,9,63
3286,9,61
3287,9,59
3288,9,64
3289,9,66
3290,9,65
3291,9,65
3292,9,66
3293,9,64
3294,9,59
3295,9,61
3296,9,61
3297,9,68
3298,9,62
3299,9,61
3300,9,61
3301,9,63
3302,9,65
3303,9,60
3304,9,63
3305,9,55
3306,9,66
3307,9,63
3308,9,61
3309,9,61
3310,9,61
3311,9,67
3312,9,60
3313,9,64
3314,9,64
3315,9,62
3316,9,63
3317,9,61
3318,9,61
3319,9,66
3320,9,61
3321,9,63
3322,9,63
3323,9,63
3324,9,65
3325,9,62
3326,9,63
3327,9,61
3328,9,61
3329,9,61
3330,9,68
3331,9,62
3332,9,61
3333,9,61
3334,9,63
3335,9,65
3336,9,60
3337,9,64
3338,9,62
3339,9,63
3340,9,64
3341,9,65
3342,9,62
3343,9,61
3344,9,60
3345,9,62
3346,9,66
3347,9,63
3348,9,61
3349,9,61
3350,9,62
3351,9,66
3352,9,60
3353,9,61
3354,9,49
3355,9,64
3356,9,62
3357,9,65
3358,9,67
3359,9,63
3360,9,66
3361,9,63
3362,9,60
3363,9,62
3364,9,63
3365,9,64
3366,9,65
3367,9,62
3368,9,61
3369,9,61
3370,9,51
3371,9,62
3372,9,65
3373,9,66
3374,9,63
3375,9,59
3376,9,60
3377,9,64
3378,9,64
3379,9,62
3380,9,63
3381,9,61
3382,9,61
3383,9,66
3384,9,59
3385,9,67
3386,9,66
3387,9,66
3388,9,65
3389,9,64
3390,9,60
3391,9,60
3392,9,68
3393,9,63
3394,9,64
3395,9,66
3396,9,63
3397,9,65
3398,9,64
3399,9,52
3400,9,62
3401,9,63
3402,9,64
3403,9,65
3404,9,62
3405,9,61
3406,9,61
3407,9,63
3408,9,63
3409,9,63
3410,9,65
3411,9,62
3412,9,63
3413,9,61
3414,9,60
3415,9,63
3416,9,62
3417,9,64
3418,9,67
3419,9,62
3420,9,66
3421,9,65
3422,9,62
3423,9,65
3424,9,66
3425,9,66
3426,9,63
3427,9,59
3428,9,63
3429,9,56
3430,9,63
3431,9,65
3432,9,62
3433,9,63
3434,9,61
3435,9,60
3436,9,64
3437,9,62
3438,9,63
3439,9,61
3440,9,61
3441,9,66
3442,9,65
3443,9,55
3444,9,60
3445,9,59
3446,9,60
3447,9,62
3448,9,67
3449,9,63
3450,9,63
3451,9,65
3452,9,62
3453,9,61
3454,9,61
3455,9,68
3456,9,62
3457,9,61
3458,9,61
3459,9,63
3460,9,65
3461,9,61
3462,9,61
3463,9,63
3464,9,61
3465,9,61
3466,9,62
3467,9,61
3468,9,67
3469,9,60
3470,9,64
3471,9,62
3472,9,63
3473,9,61
3474,9,61
3475,9,66
3476,9,60
3477,9,64
3478,9,64
3479,9,62
3480,9,63
3481,9,61
3482,9,61
3483,9,66
3484,9,68
3485,9,65
3486,9,57
3487,9,60
3488,9,63
3489,9,66
3490,9,63
3491,9,61
3492,9,61
3493,9,61
3494,9,67
3495,9,60
3496,9,64
3497,9,64
3498,9,62
3499,9,63
3500,9,61
3501,9,61
3502,9,66
3503,9,60
3504,9,64
3505,9,64
3506,9,62
3507,9,63
3508,9,61
3509,9,61
3510,9,66
3511,9,60
3512,9,64
3513,9,64
3514,9,62
3515,9,63
3516,9,61
3517,9,61
3518,9,66
3519,9,60
3520,9,65
3521,9,68
3522,9,66
3523,9,65
3524,9,65
3525,9,63
3526,9,61
3527,9,60
3528,9,64
3529,9,53
3530,9,61
3531,9,60
3532,9,66
3533,9,63
3534,9,64
3535,9,65
3536,9,63
3537,9,61
3538,9,62
3539,9,64
3540,9,68
3541,9,64
3542,9,64
3543,9,61
3544,9,63
3545,9,62
3546,9,59
3547,9,66
3548,9,65
3549,9,65
3550,9,66
3551,9,64
3552,9,59
3553,9,61
3554,9,63
3555,9,61
3556,9,61
3557,9,62
3558,9,61
3559,9,67
3560,9,61
3561,9,61
3562,9,52
3563,9,68
3564,9,62
3565,9,61
3566,9,61
3567,9,63
3568,9,65
3569,9,60
3570,9,62
3571,9,66
3572,9,63
3573,9,61
3574,9,61
3575,9,62
3576,9,66
3577,9,61
3578,9,63
3579,9,63
3580,9,63
3581,9,65
3582,9,62
3583,9,63
3584,9,61
3585,9,64
3586,9,50
3587,9,69
3588,9,64
3589,9,63
3590,9,64
3591,9,62
3592,9,62
3593,9,59
3594,9,64
3595,9,69
3596,9,64
3597,9,63
3598,9,64
3599,9,62
3600,9,62
3601,9,60
3602,9,65
3603,9,68
3604,9,66
3605,9,65
3606,9,65
3607,9,63
3608,9,61
3609,9,60
3610,9,61
3611,9,63
3612,9,62
3613,9,64
3614,9,67
3615,9,62
3616,9,66
3617,9,52
3618,9,61
3619,9,60
3620,9,64
3621,9,62
3622,9,63
3623,9,64
3624,9,65
3625,9,62
3626,9,61
3627,9,65
3628,9,66
3629,9,63
3630,9,62
3631,9,64
3632,9,68
3633,9,64
3634,9,64
3635,9,61
3636,9,63
3637,9,62
3638,9,61
3639,9,61
3640,9,68
3641,9,62
3642,9,61
3643,9,61
3644,9,63
3645,9,65
3646,9,51
3647,9,61
3648,9,51
3649,9,67
3650,9,62
3651,9,66
3652,9,61
3653,9,67
3654,9,64
3655,9,65
3656,9,62
3657,9,64
3658,9,61
3659,9,61
3660,9,63
3661,9,62
3662,9,67
3663,9,62
3664,9,66
3665,9,59
3666,9,65
3667,9,62
3668,9,65
3669,9,66
3670,9,66
3671,9,63
3672,9,59
3673,9,60
3674,9,64
3675,9,62
3676,9,63
3677,9,61
3678,9,61
3679,9,66
3680,9,52
3681,9,61
3682,9,56
3683,9,63
3684,9,64
3685,9,54
3686,9,62
3687,9,68
3688,9,64
3689,9,64
3690,9,61
3691,9,63
3692,9,62
3693,9,62
3694,9,62
3695,9,67
3696,9,60
3697,9,62
3698,9,68
3699,9,63
3700,9,64
3701,9,66
3702,9,63
3703,9,65
3704,9,60
3705,9,60
3706,9,62
3707,9,66
3708,11,67
3709,11,61
3710,11,68
3711,11,68
3712,11,62
3713,11,62
3714,11,68
3715,11,66
3716,11,64
3717,11,70
3718,11,65
3719,11,66
3720,11,64
3721,11,61
3722,11,65
3723,11,63
3724,11,63
3725,11,70
3726,11,64
3727,11,69
3728,11,67
3729,11,69
3730,11,64
3731,11,70
3732,11,62
3733,11,61
3734,11,63
3735,11,70
3736,11,67
3737,11,68
3738,11,67
3739,11,61
3740,11,65
3741,11,62
3742,11,67
3743,11,61
3744,11,65
3745,11,62
3746,11,67
3747,11,61
3748,11,65
3749,11,62
3750,11,65
3751,11,63
3752,11,62
3753,11,61
3754,11,65
3755,11,62
3756,11,67
3757,11,61
3758,11,67
3759,11,61
3760,11,71
3761,11,68
3762,11,68
3763,13,62
3764,13,60
3765,13,63
3766,13,64
3767,13,60
3768,13,63
3769,13,64
3770,13,59
3771,13,60
3772,13,59
3773,13,61
3774,13,60
3775,13,57
3776,13,62
3777,13,59
3778,13,64
3779,13,59
3780,13,60
3781,13,59
3782,13,64
3783,13,60
3784,13,64
3785,13,60
3786,13,61
3787,13,60
3788,13,61
3789,13,60
3790,13,57
3791,13,62
3792,13,60
3793,13,62
3794,13,61
3795,13,61
3796,13,59
3797,13,57
3798,13,60
3799,13,62
3800,13,61
3801,13,59
3802,13,58
3803,13,58
3804,13,60
3805,13,63
3806,13,59
3807,13,56
3808,13,63
3809,13,62
3810,13,61
3811,13,59
3812,13,58
3813,13,58
3814,13,59
3815,13,63
3816,13,64
3817,13,59
3818,13,60
3819,13,59
3820,13,61
3821,13,59
3822,13,58
3823,13,58
3824,13,59
3825,13,60
3826,13,63
3827,13,59
3828,13,56
3829,13,60
3830,13,61
3831,13,60
3832,13,57
3833,13,62
3834,13,60
3835,13,61
3836,13,60
3837,13,63
3838,13,59
3839,13,60
3840,13,61
3841,13,61
3842,13,59
3843,13,58
3844,13,58
3845,13,59
3846,13,63
3847,13,61
3848,13,60
3849,13,58
3850,13,62
3851,13,61
3852,13,61
3853,13,59
3854,13,57
3855,13,60
3856,13,59
3857,13,59
3858,13,60
3859,13,60
3860,13,61
3861,13,64
3862,13,63
3863,13,61
3864,13,61
3865,13,61
3866,13,59
3867,13,58
3868,13,58
3869,13,59
3870,13,63
3871,13,59
3872,13,65
3873,13,60
3874,13,60
3875,13,61
3876,13,61
3877,13,59
3878,13,57
3879,13,60
3880,13,63
3881,13,60
3882,13,67
3883,13,62
3884,13,61
3885,13,63
3886,13,63
3887,13,62
3888,13,61
3889,13,60
3890,13,65
3891,13,57
3892,13,60
3893,13,60
3894,13,60
3895,13,64
3896,13,60
3897,13,61
3898,13,62
3899,13,59
3900,13,58
3901,13,58
3902,13,59
3903,13,57
3904,13,58
3905,13,61
3906,13,64
3907,13,57
3908,13,64
3909,13,58
3910,13,60
3911,13,63
3912,13,59
3913,13,56
3914,13,61
3915,13,62
3916,13,59
3917,13,59
3918,13,61
3919,13,61
3920,13,62
3921,13,59
3922,13,61
3923,13,63
3924,13,60
3925,13,63
3926,13,59
3927,13,56
3928,13,61
3929,13,61
3930,13,59
3931,13,57
3932,13,60
3933,13,63
3934,13,59
3935,13,65
3936,13,60
3937,13,59
3938,13,60
3939,13,61
3940,13,61
3941,13,61
3942,13,59
3943,13,57
3944,13,60
3945,13,59
3946,13,63
3947,13,59
3948,13,65
3949,13,60
3950,13,60
3951,13,63
3952,13,59
3953,13,56
3954,13,62
3955,13,61
3956,13,62
3957,13,62
3958,13,63
3959,13,66
3960,13,62
3961,13,63
3962,13,57
3963,13,61
3964,13,58
3965,13,62
3966,13,64
3967,13,63
3968,13,61
3969,13,60
3970,13,63
3971,13,60
3972,13,67
3973,13,62
3974,13,62
3975,13,62
3976,13,60
3977,13,63
3978,13,64
3979,13,58
3980,13,60
3981,13,63
3982,13,59
3983,13,60
3984,13,61
3985,13,60
3986,13,65
3987,13,57
3988,13,60
3989,13,61
3990,13,60
3991,13,57
3992,13,62
3993,13,63
3994,13,59
3995,13,58
3996,13,60
3997,13,63
3998,13,59
3999,13,60
4000,13,63
4001,13,63
4002,13,61
4003,13,60
4004,13,58
4005,13,58
4006,13,61
4007,13,59
4008,13,58
4009,13,58
4010,13,59
4011,13,58
4012,13,64
4013,13,59
4014,13,67
4015,13,60
4016,13,60
4017,13,63
4018,13,59
4019,13,60
4020,13,61
4021,13,59
4022,13,58
4023,13,58
4024,13,59
4025,13,60
4026,13,63
4027,13,59
4028,13,60
4029,13,61
4030,13,58
4031,13,64
4032,13,59
4033,13,67
4034,13,60
4035,13,60
4036,13,61
4037,13,60
4038,13,57
4039,13,62
4040,13,60
4041,13,63
4042,13,59
4043,13,65
4044,13,60
4045,13,60
4046,13,63
4047,13,59
4048,13,60
4049,13,62
4050,13,61
4051,13,64
4052,13,63
4053,13,61
4054,13,61
4055,13,61
4056,13,59
4057,13,57
4058,13,62
4059,13,61
4060,13,59
4061,13,58
4062,13,58
4063,13,62
4064,13,60
4065,13,64
4066,13,62
4067,13,61
4068,13,60
4069,13,64
4070,13,60
4071,13,64
4072,13,60
4073,13,61
4074,13,63
4075,13,59
4076,13,65
4077,13,60
4078,13,61
4079,13,63
4080,13,60
4081,13,62
4082,13,61
4083,13,57
4084,13,60
4085,13,61
4086,13,61
4087,13,59
4088,13,57
4089,13,60
4090,13,60
4091,13,61
4092,13,63
4093,13,57
4094,13,63
4095,13,63
4096,13,60
4097,13,67
4098,13,62
4099,13,61
4100,13,63
4101,13,64
4102,13,57
4103,13,64
4104,13,58
4105,13,61
4106,13,60
4107,13,61
4108,13,63
4109,13,57
4110,13,63
4111,13,60
4112,13,63
4113,13,59
4114,13,60
4115,13,61
4116,13,61
4117,13,65
4118,13,57
4119,13,60
4120,13,60
4121,13,61
4122,13,60
4123,13,57
4124,13,62
4125,13,63
4126,13,61
4127,13,61
4128,13,63
4129,13,59
4130,13,58
4131,13,58
4132,13,59
4133,13,67
4134,13,61
4135,13,63
4136,13,59
4137,13,58
4138,13,59
4139,13,63
4140,13,59
4141,13,65
4142,13,60
4143,13,60
4144,13,64
4145,13,58
4146,13,63
4147,13,58
4148,13,64
4149,13,59
4150,13,67
4151,13,60
4152,13,56
4153,13,61
4154,13,60
4155,13,63
4156,13,59
4157,13,60
4158,13,61
4159,13,62
4160,13,62
4161,13,60
4162,13,63
4163,13,64
4164,13,60
4165,13,60
4166,13,65
4167,13,57
4168,13,60
4169,13,64
4170,13,59
4171,13,60
4172,13,59
4173,13,58
4174,14,56
4175,14,65
4176,14,56
4177,14,65
4178,14,67
4179,14,59
4180,14,64
4181,14,59
4182,14,64
4183,14,59
4184,14,65
4185,14,57
4186,14,65
4187,14,62
4188,14,59
4189,14,65
4190,14,58
4191,14,66
4192,14,60
4193,14,68
4194,14,60
4195,14,67
4196,14,57
4197,14,65
4198,14,60
4199,14,67
4200,14,58
4201,14,66
4202,14,60
4203,14,68
4204,14,59
4205,14,65
4206,14,59
4207,14,64
4208,14,59
4209,14,65
4210,14,58
4211,14,66
4212,14,59
4213,14,64
4214,14,59
4215,14,64
4216,14,60
4217,14,67
4218,14,60
4219,14,64
4220,14,68
4221,14,59
4222,14,65
4223,14,66
4224,14,65
4225,14,60
4226,14,67
4227,14,62
4228,14,67
4229,14,59
4230,14,64
4231,14,60
4232,14,67
4233,14,59
4234,14,64
4235,14,60
4236,14,68
4237,14,60
4238,14,67
4239,14,60
4240,14,68
4241,14,58
4242,14,65
4243,14,59
4244,14,64
4245,14,58
4246,14,65
4247,14,60
4248,14,68
4249,14,57
4250,14,65
4251,14,59
4252,14,64
4253,14,59
4254,14,64
4255,14,60
4256,14,67
4257,14,65
4258,14,59
4259,14,65
4260,14,57
4261,14,65
4262,14,59
4263,14,64
4264,14,59
4265,14,64
4266,14,59
4267,14,65
4268,14,66
4269,14,59
4270,14,64
4271,14,59
4272,14,64
4273,14,59
4274,14,64
4275,14,59
4276,14,64
4277,14,59
4278,14,64
4279,14,59
4280,14,64
4281,14,56
4282,14,65
4283,14,59
4284,14,64
4285,14,60
4286,14,67
4287,14,59
4288,14,65
4289,14,60
4290,14,67
4291,14,57
4292,14,65
4293,14,67
4294,14,57
4295,14,65
4296,14,59
4297,14,63
4298,14,66
4299,14,60
4300,14,67
4301,14,60
4302,14,68
4303,14,57
4304,14,65
4305,14,62
4306,14,66
4307,14,59
4308,14,64
4309,14,58
4310,14,65
4311,14,59
4312,14,65
4313,14,62
4314,14,59
4315,14,65
4316,14,64
4317,14,60
4318,14,67
4319,14,57
4320,14,58
4321,14,66
4322,14,60
4323,14,65
4324,14,60
4325,14,67
4326,14,59
4327,14,66
4328,14,60
4329,14,67
4330,14,58
4331,14,65
4332,14,59
4333,14,64
4334,14,57
4335,14,65
4336,14,59
4337,14,66
4338,14,66
4339,14,59
4340,14,64
